Id,Prediction
r44_c1,4
r61_c1,3
r67_c1,4
r72_c1,3
r86_c1,5
r90_c1,4
r108_c1,3
r114_c1,3
r120_c1,2
r135_c1,5
r152_c1,4
r165_c1,3
r182_c1,3
r310_c1,3
r318_c1,1
r333_c1,3
r355_c1,2
r390_c1,4
r401_c1,4
r410_c1,2
r418_c1,3
r457_c1,2
r470_c1,4
r497_c1,3
r516_c1,3
r566_c1,3
r595_c1,2
r670_c1,3
r673_c1,4
r708_c1,1
r720_c1,5
r743_c1,4
r777_c1,5
r861_c1,5
r872_c1,2
r908_c1,2
r930_c1,3
r966_c1,5
r967_c1,5
r981_c1,4
r1034_c1,4
r1075_c1,4
r1107_c1,4
r1220_c1,5
r1230_c1,3
r1254_c1,3
r1338_c1,3
r1407_c1,4
r1435_c1,4
r1489_c1,4
r1495_c1,4
r1527_c1,2
r1547_c1,3
r1549_c1,4
r1570_c1,3
r1583_c1,4
r1622_c1,5
r1667_c1,4
r1775_c1,4
r1789_c1,3
r1802_c1,3
r1813_c1,2
r1830_c1,4
r1850_c1,4
r1878_c1,5
r1921_c1,4
r1970_c1,3
r2038_c1,5
r2051_c1,4
r2081_c1,5
r2090_c1,5
r2097_c1,5
r2107_c1,2
r2176_c1,3
r2195_c1,3
r2225_c1,4
r2244_c1,2
r2284_c1,3
r2327_c1,4
r2347_c1,3
r2357_c1,3
r2360_c1,4
r2383_c1,4
r2401_c1,3
r2428_c1,5
r2446_c1,4
r2476_c1,4
r2479_c1,4
r2482_c1,4
r2518_c1,4
r2526_c1,4
r2572_c1,3
r2623_c1,1
r2671_c1,3
r2681_c1,1
r2706_c1,4
r2820_c1,3
r2883_c1,2
r2939_c1,3
r2942_c1,4
r2970_c1,3
r2983_c1,3
r3069_c1,5
r3100_c1,5
r3109_c1,5
r3130_c1,3
r3135_c1,4
r3161_c1,4
r3189_c1,3
r3199_c1,4
r3314_c1,3
r3321_c1,3
r3331_c1,4
r3357_c1,2
r3382_c1,4
r3415_c1,1
r3436_c1,3
r3495_c1,4
r3509_c1,2
r3534_c1,4
r3623_c1,2
r3653_c1,3
r3657_c1,3
r3674_c1,3
r3775_c1,5
r3822_c1,2
r3930_c1,4
r3947_c1,2
r3952_c1,3
r3996_c1,4
r4061_c1,4
r4141_c1,4
r4146_c1,5
r4202_c1,2
r4218_c1,3
r4311_c1,2
r4330_c1,5
r4341_c1,4
r4375_c1,3
r4405_c1,4
r4409_c1,4
r4524_c1,3
r4530_c1,4
r4551_c1,4
r4600_c1,5
r4607_c1,4
r4611_c1,4
r4759_c1,3
r4764_c1,5
r4770_c1,3
r4834_c1,4
r4854_c1,2
r4890_c1,3
r4944_c1,5
r5002_c1,3
r5013_c1,4
r5020_c1,3
r5042_c1,3
r5063_c1,2
r5093_c1,1
r5100_c1,4
r5101_c1,5
r5104_c1,4
r5116_c1,3
r5150_c1,3
r5153_c1,2
r5194_c1,3
r5271_c1,3
r5289_c1,4
r5308_c1,2
r5316_c1,3
r5387_c1,3
r5406_c1,5
r5408_c1,2
r5411_c1,3
r5419_c1,3
r5426_c1,3
r5431_c1,3
r5433_c1,2
r5445_c1,3
r5455_c1,3
r5512_c1,5
r5580_c1,3
r5588_c1,3
r5618_c1,3
r5663_c1,1
r5749_c1,3
r5772_c1,3
r5864_c1,2
r5902_c1,2
r5938_c1,5
r5977_c1,3
r5979_c1,4
r5986_c1,3
r6003_c1,5
r6024_c1,4
r6030_c1,3
r6057_c1,2
r6076_c1,5
r6095_c1,3
r6180_c1,4
r6219_c1,4
r6222_c1,5
r6236_c1,4
r6242_c1,3
r6388_c1,3
r6402_c1,5
r6411_c1,2
r6419_c1,3
r6442_c1,4
r6463_c1,3
r6507_c1,3
r6598_c1,5
r6606_c1,4
r6736_c1,3
r6761_c1,4
r6767_c1,3
r6772_c1,3
r6862_c1,5
r6887_c1,1
r6903_c1,4
r6938_c1,5
r6954_c1,5
r6966_c1,2
r6980_c1,3
r7014_c1,3
r7027_c1,3
r7055_c1,5
r7078_c1,2
r7097_c1,5
r7104_c1,3
r7114_c1,1
r7207_c1,3
r7214_c1,4
r7249_c1,2
r7257_c1,3
r7306_c1,5
r7380_c1,4
r7459_c1,3
r7490_c1,2
r7492_c1,2
r7549_c1,2
r7558_c1,3
r7568_c1,4
r7669_c1,2
r7719_c1,2
r7788_c1,5
r7828_c1,3
r7855_c1,3
r7857_c1,4
r7859_c1,4
r7875_c1,5
r7922_c1,5
r7959_c1,3
r7973_c1,3
r7989_c1,3
r8006_c1,3
r8071_c1,4
r8180_c1,5
r8198_c1,5
r8210_c1,2
r8218_c1,4
r8222_c1,2
r8233_c1,3
r8245_c1,3
r8251_c1,2
r8287_c1,1
r8319_c1,2
r8359_c1,3
r8370_c1,3
r8377_c1,1
r8378_c1,4
r8401_c1,2
r8409_c1,3
r8437_c1,5
r8474_c1,2
r8475_c1,4
r8501_c1,5
r8642_c1,4
r8653_c1,4
r8680_c1,2
r8699_c1,4
r8706_c1,5
r8716_c1,2
r8742_c1,4
r8786_c1,3
r8804_c1,3
r8813_c1,4
r8828_c1,3
r8855_c1,4
r8859_c1,3
r8905_c1,3
r8922_c1,3
r8933_c1,5
r8958_c1,4
r8995_c1,3
r9029_c1,1
r9104_c1,3
r9105_c1,5
r9108_c1,3
r9140_c1,3
r9147_c1,2
r9151_c1,2
r9171_c1,4
r9183_c1,4
r9198_c1,3
r9224_c1,1
r9230_c1,5
r9264_c1,4
r9265_c1,4
r9300_c1,5
r9331_c1,2
r9377_c1,5
r9386_c1,2
r9392_c1,2
r9453_c1,4
r9455_c1,4
r9463_c1,3
r9486_c1,3
r9520_c1,3
r9539_c1,3
r9541_c1,3
r9600_c1,4
r9616_c1,4
r9641_c1,2
r9642_c1,2
r9656_c1,4
r9690_c1,1
r9709_c1,4
r9788_c1,3
r9799_c1,5
r9801_c1,3
r9816_c1,4
r9817_c1,5
r9847_c1,5
r9873_c1,4
r9910_c1,2
r9932_c1,4
r9964_c1,3
r9992_c1,5
r5_c2,2
r14_c2,1
r25_c2,3
r41_c2,3
r44_c2,4
r62_c2,3
r79_c2,4
r87_c2,5
r120_c2,1
r135_c2,3
r143_c2,2
r152_c2,5
r160_c2,1
r165_c2,3
r228_c2,5
r230_c2,4
r241_c2,2
r248_c2,1
r257_c2,2
r260_c2,3
r302_c2,4
r371_c2,4
r394_c2,3
r401_c2,4
r403_c2,4
r410_c2,2
r433_c2,3
r487_c2,4
r499_c2,3
r517_c2,3
r552_c2,5
r588_c2,3
r607_c2,5
r609_c2,2
r628_c2,2
r642_c2,2
r652_c2,3
r690_c2,3
r736_c2,5
r743_c2,2
r748_c2,3
r774_c2,4
r793_c2,3
r810_c2,4
r887_c2,4
r912_c2,2
r914_c2,3
r935_c2,1
r951_c2,2
r997_c2,4
r1000_c2,2
r1073_c2,5
r1096_c2,4
r1098_c2,4
r1123_c2,3
r1165_c2,5
r1191_c2,4
r1224_c2,5
r1227_c2,2
r1233_c2,3
r1281_c2,4
r1289_c2,4
r1319_c2,2
r1323_c2,5
r1366_c2,4
r1388_c2,4
r1393_c2,4
r1398_c2,4
r1418_c2,3
r1438_c2,3
r1443_c2,3
r1481_c2,1
r1523_c2,3
r1524_c2,3
r1526_c2,4
r1547_c2,3
r1550_c2,4
r1558_c2,2
r1616_c2,5
r1623_c2,1
r1636_c2,4
r1711_c2,4
r1727_c2,4
r1763_c2,2
r1788_c2,3
r1789_c2,2
r1830_c2,4
r1859_c2,4
r1921_c2,3
r1922_c2,4
r1949_c2,2
r1973_c2,4
r1983_c2,5
r2012_c2,5
r2029_c2,2
r2047_c2,4
r2049_c2,5
r2062_c2,4
r2083_c2,3
r2084_c2,4
r2120_c2,3
r2123_c2,4
r2125_c2,4
r2138_c2,4
r2160_c2,3
r2163_c2,5
r2196_c2,2
r2201_c2,3
r2206_c2,4
r2255_c2,2
r2268_c2,3
r2281_c2,3
r2287_c2,4
r2295_c2,4
r2334_c2,3
r2357_c2,2
r2373_c2,4
r2393_c2,5
r2435_c2,4
r2458_c2,4
r2486_c2,4
r2494_c2,3
r2503_c2,4
r2512_c2,4
r2530_c2,4
r2537_c2,4
r2549_c2,4
r2553_c2,2
r2590_c2,4
r2591_c2,4
r2654_c2,5
r2655_c2,4
r2656_c2,5
r2682_c2,3
r2687_c2,3
r2688_c2,3
r2706_c2,5
r2723_c2,4
r2729_c2,5
r2743_c2,3
r2778_c2,3
r2782_c2,4
r2794_c2,3
r2798_c2,4
r2804_c2,3
r2828_c2,4
r2830_c2,4
r2847_c2,5
r2944_c2,3
r2950_c2,5
r3001_c2,2
r3006_c2,4
r3018_c2,2
r3103_c2,5
r3124_c2,4
r3139_c2,4
r3156_c2,4
r3162_c2,4
r3174_c2,3
r3199_c2,3
r3261_c2,5
r3268_c2,3
r3269_c2,3
r3278_c2,4
r3288_c2,1
r3303_c2,5
r3307_c2,4
r3320_c2,2
r3357_c2,3
r3363_c2,5
r3366_c2,5
r3382_c2,5
r3384_c2,3
r3420_c2,4
r3491_c2,4
r3500_c2,3
r3533_c2,2
r3537_c2,4
r3544_c2,4
r3548_c2,5
r3602_c2,4
r3650_c2,5
r3714_c2,4
r3724_c2,4
r3726_c2,4
r3732_c2,3
r3771_c2,5
r3797_c2,5
r3828_c2,4
r3829_c2,5
r3877_c2,5
r3903_c2,4
r3919_c2,2
r3963_c2,3
r3974_c2,4
r3986_c2,5
r3988_c2,4
r4023_c2,3
r4027_c2,3
r4090_c2,4
r4095_c2,4
r4100_c2,2
r4113_c2,3
r4115_c2,5
r4117_c2,1
r4137_c2,4
r4189_c2,4
r4198_c2,5
r4234_c2,4
r4239_c2,5
r4292_c2,4
r4293_c2,4
r4294_c2,1
r4297_c2,4
r4309_c2,3
r4311_c2,1
r4313_c2,3
r4324_c2,3
r4325_c2,2
r4361_c2,1
r4368_c2,4
r4369_c2,4
r4402_c2,4
r4434_c2,4
r4469_c2,3
r4476_c2,4
r4487_c2,4
r4527_c2,2
r4611_c2,1
r4629_c2,4
r4656_c2,3
r4738_c2,5
r4794_c2,2
r4823_c2,4
r4841_c2,3
r4867_c2,4
r4878_c2,4
r4917_c2,3
r4920_c2,2
r4951_c2,3
r4952_c2,5
r4959_c2,3
r5000_c2,4
r5007_c2,1
r5010_c2,3
r5016_c2,3
r5026_c2,3
r5060_c2,4
r5101_c2,3
r5102_c2,3
r5129_c2,3
r5167_c2,3
r5289_c2,2
r5312_c2,3
r5314_c2,4
r5316_c2,4
r5318_c2,3
r5382_c2,5
r5383_c2,3
r5402_c2,1
r5406_c2,1
r5411_c2,5
r5418_c2,4
r5433_c2,4
r5471_c2,4
r5491_c2,5
r5505_c2,5
r5512_c2,5
r5548_c2,4
r5561_c2,2
r5582_c2,4
r5603_c2,3
r5608_c2,3
r5624_c2,3
r5633_c2,3
r5685_c2,1
r5691_c2,4
r5699_c2,2
r5705_c2,4
r5728_c2,3
r5761_c2,3
r5772_c2,3
r5790_c2,3
r5793_c2,3
r5819_c2,3
r5823_c2,4
r5824_c2,5
r5829_c2,4
r5841_c2,3
r5856_c2,2
r5865_c2,4
r5881_c2,4
r5889_c2,4
r5918_c2,4
r5923_c2,3
r5949_c2,5
r5977_c2,3
r6009_c2,3
r6012_c2,3
r6014_c2,3
r6050_c2,4
r6084_c2,4
r6116_c2,4
r6117_c2,4
r6142_c2,3
r6150_c2,4
r6170_c2,3
r6222_c2,4
r6231_c2,3
r6250_c2,3
r6264_c2,3
r6273_c2,4
r6283_c2,4
r6293_c2,4
r6299_c2,4
r6303_c2,3
r6325_c2,4
r6336_c2,3
r6340_c2,2
r6343_c2,4
r6344_c2,4
r6401_c2,4
r6434_c2,4
r6438_c2,5
r6450_c2,4
r6479_c2,2
r6482_c2,3
r6506_c2,5
r6509_c2,2
r6526_c2,5
r6535_c2,3
r6537_c2,1
r6550_c2,4
r6561_c2,4
r6581_c2,2
r6671_c2,4
r6709_c2,2
r6710_c2,3
r6736_c2,2
r6758_c2,3
r6764_c2,4
r6773_c2,4
r6781_c2,4
r6799_c2,4
r6828_c2,5
r6835_c2,2
r6900_c2,5
r6906_c2,4
r6915_c2,2
r6935_c2,3
r6938_c2,3
r6956_c2,3
r6960_c2,4
r6995_c2,3
r6997_c2,1
r7001_c2,4
r7005_c2,5
r7040_c2,1
r7086_c2,3
r7120_c2,2
r7162_c2,4
r7165_c2,3
r7174_c2,2
r7176_c2,3
r7179_c2,5
r7197_c2,5
r7213_c2,4
r7236_c2,3
r7238_c2,4
r7271_c2,4
r7280_c2,2
r7281_c2,5
r7313_c2,4
r7335_c2,4
r7343_c2,3
r7355_c2,4
r7399_c2,4
r7443_c2,3
r7467_c2,3
r7475_c2,3
r7480_c2,4
r7495_c2,3
r7517_c2,5
r7525_c2,3
r7540_c2,3
r7561_c2,5
r7564_c2,5
r7569_c2,4
r7630_c2,2
r7651_c2,5
r7660_c2,4
r7661_c2,1
r7728_c2,3
r7757_c2,3
r7758_c2,3
r7770_c2,3
r7811_c2,3
r7827_c2,3
r7829_c2,5
r7833_c2,4
r7853_c2,4
r7875_c2,5
r7878_c2,3
r7910_c2,4
r7918_c2,5
r7944_c2,4
r7973_c2,3
r7984_c2,2
r8002_c2,3
r8017_c2,4
r8035_c2,4
r8071_c2,3
r8075_c2,4
r8079_c2,5
r8097_c2,4
r8101_c2,5
r8165_c2,5
r8189_c2,4
r8224_c2,3
r8228_c2,3
r8236_c2,5
r8242_c2,2
r8267_c2,3
r8269_c2,3
r8280_c2,3
r8284_c2,3
r8288_c2,4
r8298_c2,4
r8307_c2,3
r8334_c2,4
r8342_c2,2
r8359_c2,4
r8380_c2,3
r8389_c2,2
r8398_c2,3
r8401_c2,5
r8403_c2,3
r8411_c2,5
r8417_c2,4
r8437_c2,4
r8446_c2,3
r8465_c2,4
r8468_c2,3
r8504_c2,3
r8518_c2,4
r8536_c2,5
r8559_c2,4
r8571_c2,4
r8591_c2,5
r8617_c2,5
r8621_c2,4
r8653_c2,2
r8669_c2,4
r8687_c2,4
r8693_c2,1
r8697_c2,2
r8717_c2,3
r8748_c2,4
r8753_c2,4
r8763_c2,4
r8771_c2,3
r8784_c2,3
r8820_c2,4
r8833_c2,4
r8862_c2,2
r8905_c2,4
r8922_c2,3
r8952_c2,4
r8969_c2,3
r8981_c2,4
r8987_c2,3
r9008_c2,4
r9009_c2,4
r9012_c2,4
r9046_c2,2
r9084_c2,5
r9102_c2,3
r9111_c2,2
r9118_c2,3
r9156_c2,4
r9164_c2,3
r9188_c2,4
r9193_c2,4
r9238_c2,4
r9246_c2,5
r9248_c2,3
r9274_c2,4
r9276_c2,4
r9280_c2,4
r9298_c2,4
r9343_c2,3
r9392_c2,4
r9393_c2,4
r9407_c2,2
r9414_c2,4
r9430_c2,4
r9433_c2,4
r9440_c2,3
r9462_c2,4
r9494_c2,2
r9500_c2,4
r9505_c2,3
r9535_c2,5
r9539_c2,5
r9563_c2,4
r9587_c2,5
r9591_c2,4
r9618_c2,4
r9660_c2,2
r9661_c2,3
r9668_c2,2
r9683_c2,3
r9690_c2,5
r9703_c2,4
r9710_c2,4
r9711_c2,5
r9728_c2,5
r9734_c2,5
r9751_c2,4
r9763_c2,4
r9771_c2,3
r9821_c2,5
r9838_c2,4
r9840_c2,4
r9854_c2,3
r9875_c2,5
r9932_c2,4
r9936_c2,1
r9939_c2,4
r9968_c2,3
r9971_c2,5
r13_c3,4
r16_c3,3
r45_c3,5
r47_c3,3
r57_c3,3
r62_c3,4
r70_c3,5
r71_c3,4
r81_c3,3
r100_c3,1
r104_c3,2
r111_c3,3
r120_c3,5
r135_c3,5
r144_c3,5
r154_c3,3
r162_c3,3
r195_c3,4
r197_c3,3
r199_c3,3
r203_c3,3
r246_c3,4
r257_c3,2
r258_c3,3
r261_c3,3
r262_c3,2
r266_c3,3
r283_c3,4
r310_c3,3
r344_c3,5
r345_c3,4
r349_c3,4
r364_c3,2
r386_c3,4
r397_c3,2
r401_c3,2
r428_c3,4
r448_c3,4
r451_c3,4
r498_c3,4
r505_c3,4
r563_c3,4
r607_c3,4
r612_c3,5
r623_c3,4
r625_c3,4
r636_c3,5
r651_c3,4
r680_c3,3
r697_c3,5
r701_c3,4
r703_c3,3
r736_c3,3
r737_c3,2
r753_c3,4
r756_c3,4
r791_c3,4
r794_c3,4
r796_c3,3
r801_c3,5
r830_c3,3
r837_c3,4
r861_c3,1
r880_c3,3
r909_c3,4
r921_c3,2
r923_c3,3
r1000_c3,5
r1002_c3,3
r1024_c3,4
r1033_c3,5
r1034_c3,5
r1042_c3,4
r1043_c3,1
r1049_c3,4
r1065_c3,3
r1084_c3,3
r1088_c3,5
r1092_c3,3
r1115_c3,5
r1117_c3,4
r1127_c3,3
r1128_c3,3
r1131_c3,2
r1138_c3,3
r1165_c3,4
r1173_c3,5
r1185_c3,2
r1194_c3,3
r1201_c3,3
r1237_c3,4
r1258_c3,4
r1265_c3,3
r1289_c3,5
r1295_c3,3
r1320_c3,3
r1338_c3,3
r1347_c3,5
r1352_c3,3
r1354_c3,4
r1356_c3,5
r1371_c3,5
r1377_c3,5
r1394_c3,3
r1480_c3,1
r1494_c3,2
r1499_c3,3
r1506_c3,2
r1519_c3,4
r1557_c3,4
r1562_c3,4
r1564_c3,3
r1585_c3,4
r1589_c3,3
r1615_c3,5
r1622_c3,5
r1655_c3,4
r1693_c3,4
r1699_c3,5
r1706_c3,3
r1734_c3,3
r1739_c3,3
r1804_c3,3
r1817_c3,4
r1830_c3,2
r1850_c3,4
r1878_c3,5
r1921_c3,5
